<application>
  <component name="FileTypeManager" version="18">
    <ignoreFiles list="*$py.class;*.pyc;*.pyo;*.rbc;*.yarb;*~;.DS_Store;.git;.hg;.svn;CVS;__pycache__;_svn;vssver.scc;vssver2.scc;" />
    <extensionMap>
      <mapping pattern="sample" type="AUTO_DETECTED" />
      <mapping pattern="new_test" type="AUTO_DETECTED" />
      <mapping ext="db" type="PLAIN_TEXT" />
      <removed_mapping ext="csv" approved="true" type="CSV file" />
      <removed_mapping ext="xls" approved="true" type="Native" />
      <removed_mapping ext="xlsx" approved="true" type="Native" />
    </extensionMap>
  </component>
</application>