<application>
  <component name="UISettings">
    <option name="compactTreeIndents" value="true" />
    <option name="CONSOLE_COMMAND_HISTORY_LIMIT" value="1000" />
    <option name="DISABLE_MNEMONICS" value="false" />
    <option name="FULL_PATHS_IN_TITLE_BAR" value="true" />
    <option name="IDE_AA_TYPE" value="Greyscale" />
    <option name="OPEN_TABS_AT_THE_END" value="true" />
    <option name="OVERRIDE_NONIDEA_LAF_FONTS" value="true" />
    <option name="showTreeIndentGuides" value="true" />
    <option name="SORT_LOOKUP_ELEMENTS_LEXICOGRAPHICALLY" value="true" />
    <option name="CONTRAST_SCROLLBARS" value="true" />
  </component>
</application>